/*
SQLyog Enterprise - MySQL GUI v5.25
Host - 5.0.89-community-nt : Database - dbalfaccweb
*********************************************************************
Server version : 5.0.89-community-nt
*/

/*!40101 SET NAMES utf8 */;

/*!40101 SET SQL_MODE=''*/;

create database if not exists `dbalfaccweb`;

USE `dbalfaccweb`;

/*!40014 SET @OLD_FOREIGN_KEY_CHECKS=@@FOREIGN_KEY_CHECKS, FOREIGN_KEY_CHECKS=0 */;
/*!40101 SET @OLD_SQL_MODE=@@SQL_MODE, SQL_MODE='NO_AUTO_VALUE_ON_ZERO' */;

/*Data for the table `banco` */

insert  into `banco`(`ban_codigo`,`ban_nombre`,`ban_direccion`,`ban_telef`) values (1,'INTERBACO S.A.                                    ','MCL. LOPEZ                                        ','7877 7878                     '),(2,'CITY BANK S.A.                                    ','VILLA MORRA                                       ','645 455                       '),(3,'SUDAMERIS                                         ','<DESCONOCIDO>','<DESCONOCIDO>');

/*Data for the table `caja` */

insert  into `caja`(`caj_codigo`,`suc_codigo`,`caj_nombre`) values (1,1,'NRO 1.                        ');

/*Data for the table `cajero` */

insert  into `cajero`(`caje_codigo`,`caje_nombre`) values (1,'PAZ OLMEDO                               ');

/*Data for the table `categoria` */

insert  into `categoria`(`cat_codigo`,`cat_nombre`,`cat_porce_ganancia`,`cat_porce_descuento`) values (1,'<SIN CATEGORIA>',0.00,0.00),(2,'MOSTRADOR                                         ',70.00,5.00),(3,'PROFESIONAL',50.00,5.00),(4,'MAYORISTA',50.00,50.00);

/*Data for the table `ciudad` */

insert  into `ciudad`(`ciu_codigo`,`ciu_nombre`) values (1,'<DESCONOCIDA>'),(2,'ASUNCION'),(3,'ÑEMBY                                            '),(4,'SAN LORENZO'),(5,'FNDO. DE LA MORA'),(6,'LAMBARE'),(7,'LIMPIO'),(8,'EMBOSCADA                                '),(9,'LUQUE                                    ');

/*Data for the table `deposito` */

insert  into `deposito`(`dep_codigo`,`suc_codigo`,`dep_nombre`) values (1,1,'DEPOSITO GENERAL              ');

/*Data for the table `empresa` */

insert  into `empresa`(`emp_codigo`,`emp_nombre`,`emp_direcc`,`emp_telef`,`emp_ruc`,`emp_iva`) values (1,'CASA EL AMIGO                                     ','COLON E/ MCL. ESTIGARRBIA                         ','780 623                       ','OEGE 4616401                                      ',1);

/*Data for the table `grupo` */

insert  into `grupo`(`gru_codigo`,`gru_nombre`) values (1,'RESPUESTOS P/ MOTO                       '),(2,'REPUESTOS P/ BICICLETA                   '),(3,'ELECTRODOMESTICOS                        '),(4,'ACCESORIOS                               '),(5,'ACEITES Y LUBRICANTES                    '),(6,'ADHESIVOS Y SILICONAS                    '),(7,'HERRAMIENTAS                             '),(8,'RESORTES                                 '),(9,'CAMARA                                   '),(10,'CUBIERTA                                 '),(11,'BICICLETAS                               '),(12,'ARTICULOS BEBE                           '),(13,'MOTOCIERRA                               ');

/*Data for the table `marca` */

insert  into `marca`(`mar_codigo`,`mar_nombre`) values (1,'<DESCONOCIDA>                            '),(2,'MOLINO                                   '),(3,'BRISA                                    '),(4,'BRITANIA                                 '),(5,'KML                                      '),(6,'CMB                                      '),(7,'ZKL                                      '),(8,'MAX                                      '),(9,'NBN                                      '),(10,'NACHI                                    '),(11,'KOYO                                     '),(12,'URB                                      '),(13,'GULF                                     '),(14,'ITIBAN                                   '),(15,'YAMATO                                   '),(16,'BRAKE SHOES                              '),(17,'ISK                                      '),(18,'KMC                                      '),(19,'FLYING PIGEON                            '),(20,'DEERMOTOR                                '),(21,'DEERMOTOR MTB                            '),(22,'HIGHEST                                  '),(23,'BLICK                                    '),(24,'SALOM                                             '),(25,'CROMO FORTE                              '),(26,'RENASCENCA                               '),(27,'NGK                                      '),(28,'AIP                                      '),(29,'RIFFEL                                   '),(30,'COMETA                                   '),(31,'CATI                                     '),(32,'KHOOBRA                                  '),(33,'MMG                                      '),(34,'HELIO                                    '),(35,'JEC                                      '),(36,'LCK                                      '),(37,'CATALANO                                 '),(38,'NARVA                                    '),(39,'OSWA                                     '),(40,'ELF                                      '),(41,'CHEVRON                                  '),(42,'BARDAHL                                  '),(43,'MOTOBOR                                  '),(44,'CHAMPION                                 '),(45,'SPEEDOMETER                              '),(46,'BEST                                     '),(47,'CD-F                                     '),(48,'PARDAL PASBOR                            '),(49,'THL                                      '),(50,'DEEPAK                                   '),(51,'SUACO                                    '),(52,'JG                                       '),(53,'STAR                                     '),(54,'SOHOLD                                   '),(55,'DS                                       '),(56,'HALOGEN LAMPS                            '),(57,'AUTO LAMP                                '),(58,'SILISUR                                  '),(59,'TERMINATOR                               '),(60,'ELECTRIC HORN                            '),(61,'KS                                                '),(62,'JING YI                                  '),(63,'TENSAI                                   '),(64,'AMBIKA                                   '),(65,'CHERRY                                   '),(66,'TOP                                      '),(67,'TOKO                                     '),(68,'MAHLE                                    '),(69,'METAL LEVE                               '),(70,'IKT                                      '),(71,'MAIN SWITCH                              '),(72,'WANGL                                    '),(73,'INF                                      '),(74,'I-ZEN                                    '),(75,'MOTORCYCLE                               '),(76,'DUAS BARRAS                              '),(77,'ZINC                                     '),(78,'TMA                                      '),(79,'TMB                                      '),(80,'TFB                                      '),(81,'EASTMAN                                  '),(82,'LEADER                                   '),(83,'VICTORIA                                 '),(84,'RUBBER                                   '),(85,'VIPAL                                    '),(86,'FLASH LIGHT                              '),(87,'XINGCHENG                                '),(88,'POXIPOL                                  '),(89,'FASTIX                                   '),(90,'BMB                                      '),(91,'PMA                                      '),(92,'BMA                                      '),(93,'AFA                                      '),(94,'AUTO OEM                                 '),(95,'ADHESIVOS INDUSTRIALES                   '),(96,'SHIMANO                                  '),(97,'LEVORIN                                  '),(98,'MONTANA                                  '),(99,'LEOPARD                                  '),(100,'RUBER                                    '),(101,'KENTON                                   '),(102,'GL150                                    '),(103,'LIBERTY                                  '),(104,'PROFIELD                                 '),(105,'BALLPUMP                                 '),(106,'CHJC OOH                                 '),(107,'AX 100                                   '),(108,'CITY                                     '),(109,'DAKAR                                    '),(110,'CYCLE CHAIN                                       '),(111,'C70                                      '),(112,'CG125                                             '),(113,'HERO PUCH                                '),(114,'KENDA                                    '),(115,'INDEX                                    '),(116,'STLU                                     '),(117,'JKS                                               '),(118,'MELC                                     '),(119,'MILANO                                   '),(120,'P R                                      '),(121,'NPR                                      '),(122,'RIK                                      '),(123,'TP                                       '),(124,'FLYNN                                             '),(125,'KIM                                      '),(126,'RING TOP                                 '),(127,'POWER RING                               '),(128,'PISTON RING                              '),(129,'ROIDE                                    '),(130,'GASKET                                   '),(131,'GASKET OEM                               '),(132,'VALFLEX                                  '),(133,'ZHETON                                   '),(134,'GUMP                                     '),(135,'OOH                                      '),(136,'GASKETS                                  '),(137,'GASKET SET                               '),(138,'JIALING                                  '),(139,'WL                                       '),(140,'MARANELLO                                '),(141,'HIDRO-OESTE                              '),(142,'BRECKAR                                  '),(143,'DIA FRAG                                 '),(144,'AQUARIUS                                 '),(145,'KENLI                                    '),(146,'LOCKING                                  '),(147,'MOTOTEC                                  '),(148,'AUTO LAMP BULBS                          '),(149,'MP                                       '),(150,'AUTO TEC                                 '),(151,'HANGDA ZHUOE                             '),(152,'CONSON                                   '),(153,'FIAMM                                    '),(154,'DIAMOND                                  '),(155,'YC                                       '),(156,'SPL                                      '),(157,'NIKEN                                    '),(158,'HYPER-F                                  '),(159,'AUTO STICKER                             '),(160,'HUADA                                    '),(161,'HT                                       '),(162,'DURO                                     '),(163,'D.I.D                                             '),(164,'METALCICLO                               '),(165,'NIPPON                                   '),(166,'KI-FREIO                                 '),(167,'TURNING LAMPS                            '),(168,'PERFECT TRUST                            '),(169,'SIVERST                                  '),(170,'SAFETY LIGHT                             '),(171,'TEC                                      '),(172,'MEGAVILLE                                '),(173,'ENINCO                                   '),(174,'CIRCUIT                                  '),(175,'SIMHWA                                   '),(176,'WAHSON                                   '),(177,'LA GOTITA                                '),(178,'UNIUM                                    '),(179,'PEDALS                                   '),(180,'TORK                                     '),(181,'KEYSTER                                  '),(182,'VORTEX                                   '),(183,'SAIOM                                    '),(184,'NATCO                                    '),(185,'BAILIDE                                  '),(186,'TRINITY                                  '),(187,'MAGNUM                                   '),(188,'NSK                                      '),(189,'NBR                                      '),(190,'HCH                                      '),(191,'KBC                                      '),(192,'LGGB                                     '),(193,'KGC                                      '),(194,'KFB                                      '),(195,'HONDA                               '),(196,'RSK                                 '),(197,'JINDAL FINE INDUSTRIES              '),(198,'MONI                                '),(199,'ETERNUM                             '),(200,'WESTER                              '),(201,'DUQUE                               '),(202,'T.T.A.                              '),(203,'TUO TE                              '),(204,'RAFAELA                             '),(205,'YASI                                '),(206,'FOG LAMP                            '),(207,'GTS                                 '),(208,'SAIGUAN                             '),(209,'GILONG                              '),(210,'SUPERFOG                            '),(211,'DEMTEC                              '),(212,'TRILHA                              '),(213,'ACS                                 '),(214,'RSO                                 ');

/*Data for the table `moneda` */

insert  into `moneda`(`mon_codigo`,`mon_nombre`,`mon_simbolo`) values (1,'GUARANIES','Gs.'),(2,'DOLAR                                             ','US$'),(3,'EURO                                   ','€'),(4,'PESO ARGENTINO                                    ','$  '),(5,'REAL                                              ','R$ ');

/*Data for the table `mov_caja` */

insert  into `mov_caja`(`ope_nro`,`forc_codigo`,`ope_fecha`,`ope_monto`,`ope_tipo`,`mon_codigo`,`suc_codigo`) values (3,1,'2007-07-10 16:55:16',39600.00,'COBRO VENTA CONTADO',1,1),(4,1,'2007-12-06 15:48:24',145750.00,'COBRO VENTA CONTADO',1,1),(4,1,'2007-12-06 16:28:04',39600.00,'COBRO VENTA CONTADO',1,1),(4,1,'2007-12-06 16:34:42',309600.00,'COBRO VENTA CONTADO',1,1),(5,1,'2007-12-21 12:22:44',6000.00,'COBRO VENTA CONTADO',1,1),(5,1,'2007-12-22 07:54:13',28000.00,'COBRO VENTA CONTADO',1,1),(6,1,'2007-12-22 10:17:37',30000.00,'COBRO VENTA CONTADO',1,1),(6,1,'2007-12-22 10:49:26',60000.00,'COBRO VENTA CONTADO',1,1),(6,1,'2007-12-22 10:57:27',22000.00,'COBRO VENTA CONTADO',1,1),(6,1,'2007-12-22 15:14:31',6000.00,'COBRO VENTA CONTADO',1,1),(6,1,'2007-12-22 16:36:08',39000.00,'COBRO VENTA CONTADO',1,1),(6,1,'2007-12-22 19:19:12',94300.00,'COBRO VENTA CONTADO',1,1),(6,1,'2007-12-22 19:28:39',25000.00,'COBRO VENTA CONTADO',1,1),(7,1,'2007-12-24 09:02:23',8800.00,'COBRO VENTA CONTADO',1,1),(7,1,'2007-12-24 09:21:37',11000.00,'COBRO VENTA CONTADO',1,1),(7,1,'2007-12-24 09:40:53',9900.00,'COBRO VENTA CONTADO',1,1),(7,1,'2007-12-24 10:31:55',19000.00,'COBRO VENTA CONTADO',1,1),(7,1,'2007-12-24 10:59:30',120000.00,'COBRO VENTA CONTADO',1,1),(5,1,'2007-12-24 11:16:14',49000.00,'COBRO VENTA CONTADO',1,1),(8,1,'2007-12-24 11:43:39',3300.00,'COBRO VENTA CONTADO',1,1),(8,1,'2007-12-24 11:49:39',1650.00,'COBRO VENTA CONTADO',1,1),(8,1,'2007-12-24 11:56:58',8250.00,'COBRO VENTA CONTADO',1,1),(8,1,'2007-12-24 12:04:59',120000.00,'COBRO VENTA CONTADO',1,1),(8,1,'2007-12-24 12:16:18',14000.00,'COBRO VENTA CONTADO',1,1),(8,1,'2007-12-24 12:19:32',120000.00,'COBRO VENTA CONTADO',1,1),(8,1,'2007-12-24 12:25:44',11000.00,'COBRO VENTA CONTADO',1,1),(8,1,'2007-12-24 12:27:20',1650.00,'COBRO VENTA CONTADO',1,1),(8,1,'2007-12-24 12:52:15',110000.00,'COBRO VENTA CONTADO',1,1),(8,1,'2007-12-24 13:17:51',90000.00,'COBRO VENTA CONTADO',1,1),(8,1,'2007-12-24 14:54:31',13000.00,'COBRO VENTA CONTADO',1,1),(8,1,'2007-12-24 15:40:31',3000.00,'COBRO VENTA CONTADO',1,1),(8,1,'2007-12-24 16:04:29',95000.00,'COBRO VENTA CONTADO',1,1),(9,1,'2007-12-26 10:28:43',10000.00,'COBRO VENTA CONTADO',1,1),(9,1,'2007-12-26 10:34:59',32800.00,'COBRO VENTA CONTADO',1,1),(9,1,'2007-12-26 11:03:29',120000.00,'COBRO VENTA CONTADO',1,1),(9,1,'2007-12-26 11:04:52',100000.00,'COBRO VENTA CONTADO',1,1),(9,1,'2007-12-26 11:06:09',100000.00,'COBRO VENTA CONTADO',1,1),(9,1,'2007-12-26 11:09:43',11000.00,'COBRO VENTA CONTADO',1,1),(9,1,'2007-12-27 17:18:31',30000.00,'COBRO VENTA CONTADO',1,1),(9,1,'2007-12-27 20:27:29',90000.00,'COBRO VENTA CONTADO',1,1),(10,1,'2007-12-28 20:37:08',120000.00,'COBRO VENTA CONTADO',1,1),(11,1,'2007-12-29 16:24:39',120000.00,'COBRO VENTA CONTADO',1,1),(11,1,'2007-12-29 16:56:15',8500.00,'COBRO VENTA CONTADO',1,1),(11,1,'2007-12-29 18:30:33',30000.00,'COBRO VENTA CONTADO',1,1),(11,1,'2007-12-29 18:33:37',365000.00,'COBRO VENTA CONTADO',1,1),(11,1,'2007-12-29 18:47:34',62000.00,'COBRO VENTA CONTADO',1,1),(12,1,'2007-12-31 08:21:05',4000.00,'COBRO VENTA CONTADO',1,1),(12,1,'2007-12-31 10:16:54',24000.00,'COBRO VENTA CONTADO',1,1),(12,1,'2007-12-31 10:36:36',18000.00,'COBRO VENTA CONTADO',1,1),(12,1,'2007-12-31 13:34:29',120000.00,'COBRO VENTA CONTADO',1,1),(12,1,'2007-12-31 17:00:34',80000.00,'COBRO VENTA CONTADO',1,1),(13,1,'2008-01-02 11:33:04',8000.00,'COBRO VENTA CONTADO',1,1),(14,1,'2008-01-03 17:41:48',120000.00,'COBRO VENTA CONTADO',1,1),(14,1,'2008-01-03 20:13:57',120000.00,'COBRO VENTA CONTADO',1,1),(15,1,'2008-01-04 09:42:28',295000.00,'COBRO VENTA CONTADO',1,1),(15,1,'2008-01-04 10:08:31',30000.00,'COBRO VENTA CONTADO',1,1),(15,1,'2008-01-04 10:53:50',120000.00,'COBRO VENTA CONTADO',1,1),(15,1,'2008-01-04 10:55:56',115000.00,'COBRO VENTA CONTADO',1,1),(16,1,'2008-01-04 19:17:01',125000.00,'COBRO VENTA CONTADO',1,1),(17,1,'2008-01-05 12:11:56',245000.00,'COBRO VENTA CONTADO',1,1),(17,1,'2008-01-05 17:15:36',250000.00,'COBRO VENTA CONTADO',1,1),(17,1,'2008-01-05 17:48:30',295000.00,'COBRO VENTA CONTADO',1,1),(17,1,'2008-01-05 18:44:16',280000.00,'COBRO VENTA CONTADO',1,1),(17,1,'2008-01-05 19:34:13',285000.00,'COBRO VENTA CONTADO',1,1),(17,1,'2008-01-05 19:57:00',310000.00,'COBRO VENTA CONTADO',1,1),(17,1,'2008-01-05 20:15:12',28000.00,'COBRO VENTA CONTADO',1,1),(17,1,'2008-01-05 20:36:12',240000.00,'COBRO VENTA CONTADO',1,1),(17,1,'2008-01-05 21:22:08',340000.00,'COBRO VENTA CONTADO',1,1),(17,1,'2008-01-05 22:48:23',125000.00,'COBRO VENTA CONTADO',1,1),(17,1,'2008-01-05 23:33:56',125000.00,'COBRO VENTA CONTADO',1,1),(18,1,'2008-01-06 11:38:36',120000.00,'COBRO VENTA CONTADO',1,1),(18,1,'2008-01-06 11:41:51',15000.00,'COBRO VENTA CONTADO',1,1),(19,1,'2008-01-07 09:04:32',30000.00,'COBRO VENTA CONTADO',1,1),(19,1,'2008-01-07 11:50:16',95000.00,'COBRO VENTA CONTADO',1,1),(19,1,'2008-01-07 13:20:25',295000.00,'COBRO VENTA CONTADO',1,1),(19,1,'2008-01-07 16:22:07',30000.00,'COBRO VENTA CONTADO',1,1),(21,1,'2008-01-09 16:12:08',285000.00,'COBRO VENTA CONTADO',1,1),(23,1,'2008-01-11 07:58:28',110000.00,'COBRO VENTA CONTADO',1,1),(24,1,'2008-01-12 08:14:16',10000.00,'COBRO VENTA CONTADO',1,1),(26,1,'2008-01-14 14:41:52',75000.00,'COBRO VENTA CONTADO',1,1),(27,1,'2008-01-14 17:01:28',110000.00,'COBRO VENTA CONTADO',1,1),(27,1,'2008-01-14 19:12:09',110000.00,'COBRO VENTA CONTADO',1,1),(28,1,'2008-01-15 17:18:59',110000.00,'COBRO VENTA CONTADO',1,1),(29,1,'2008-01-16 10:50:02',110000.00,'COBRO VENTA CONTADO',1,1),(29,1,'2008-01-16 11:21:10',110000.00,'COBRO VENTA CONTADO',1,1),(1,1,'2008-01-18 11:11:28',110000.00,'COBRO VENTA CONTADO',1,1),(1,1,'2008-01-18 15:23:32',110000.00,'COBRO VENTA CONTADO',1,1),(1,1,'2008-01-18 15:24:55',110000.00,'COBRO VENTA CONTADO',1,1),(1,1,'2008-01-19 08:59:18',22000.00,'COBRO VENTA CONTADO',1,1),(1,1,'2008-01-19 09:00:07',500.00,'COBRO VENTA CONTADO',1,1),(33,1,'2008-01-22 14:45:48',550.00,'COBRO VENTA CONTADO',1,1),(34,1,'2008-01-22 17:13:08',105000.00,'COBRO VENTA CONTADO',1,1),(34,1,'2008-01-22 17:52:43',100000.00,'COBRO VENTA CONTADO',1,1),(34,1,'2008-01-22 20:01:35',110000.00,'COBRO VENTA CONTADO',1,1),(35,1,'2008-01-23 16:35:37',26000.00,'COBRO VENTA CONTADO',1,1),(37,1,'2008-01-28 17:18:21',110000.00,'COBRO VENTA CONTADO',1,1),(39,1,'2008-02-01 19:19:58',20000.00,'COBRO VENTA CONTADO',1,1),(43,1,'2008-02-06 09:09:45',75000.00,'COBRO VENTA CONTADO',1,1),(43,1,'2008-02-06 09:20:43',7700.00,'COBRO VENTA CONTADO',1,1),(43,1,'2008-02-06 09:38:13',126100.00,'COBRO VENTA CONTADO',1,1),(43,1,'2008-02-06 10:33:08',107000.00,'COBRO VENTA CONTADO',1,1),(44,1,'2008-02-08 09:46:52',11500.00,'COBRO VENTA CONTADO',1,1),(44,1,'2008-02-08 12:57:54',50000.00,'COBRO VENTA CONTADO',1,1),(44,1,'2008-02-08 17:54:58',110000.00,'COBRO VENTA CONTADO',1,1),(45,1,'2008-02-10 09:48:14',240000.00,'COBRO VENTA CONTADO',1,1),(48,1,'2008-02-13 19:10:01',110000.00,'COBRO VENTA CONTADO',1,1),(51,1,'2008-02-16 17:42:43',110000.00,'COBRO VENTA CONTADO',1,1),(52,1,'2008-02-17 11:03:22',27500.00,'COBRO VENTA CONTADO',1,1),(53,1,'2008-02-18 09:08:47',85000.00,'COBRO VENTA CONTADO',1,1),(53,1,'2008-02-18 11:11:54',10000.00,'COBRO VENTA CONTADO',1,1),(54,1,'2008-02-19 08:54:41',110000.00,'COBRO VENTA CONTADO',1,1),(56,1,'2008-02-21 11:21:19',110000.00,'COBRO VENTA CONTADO',1,1),(57,1,'2008-02-22 17:29:46',10000.00,'COBRO VENTA CONTADO',1,1),(58,1,'2008-02-23 10:27:04',295000.00,'COBRO VENTA CONTADO',1,1),(58,1,'2008-02-23 11:27:23',110000.00,'COBRO VENTA CONTADO',1,1),(58,1,'2008-02-23 11:50:54',62000.00,'COBRO VENTA CONTADO',1,1),(58,1,'2008-02-23 15:12:19',110000.00,'COBRO VENTA CONTADO',1,1),(59,1,'2008-02-24 12:32:57',108000.00,'COBRO VENTA CONTADO',1,1),(61,1,'2008-02-26 09:06:02',110000.00,'COBRO VENTA CONTADO',1,1),(62,1,'2008-02-27 08:39:33',125000.00,'COBRO VENTA CONTADO',1,1),(62,1,'2008-02-27 11:37:07',3000.00,'COBRO VENTA CONTADO',1,1),(69,1,'2008-03-23 11:09:15',22000.00,'COBRO VENTA CONTADO',1,1);

/*Data for the table `pais` */

insert  into `pais`(`pais_codigo`,`pais_nombre`,`pais_gentilicio`) values (1,'ITALIA                                   ','ITALIANO                                 '),(2,'BRASIL                                   ','BRASILERO                                '),(3,'CHINO                                             ','CHINO                                             '),(4,'ARGENTINA                                ','ARGENTINO                                '),(5,'ALEMANIA                                 ','ALEMANA                                  '),(6,'JAPON                                    ','JAPONES                                  '),(7,'RUMANIA                                  ','RUMANO                                   '),(8,'KOREA                                    ','KOREANO                                  '),(9,'PARAGUAY                                 ','PARAGUAYA                                '),(10,'SLOVAKIA                                 ','SLOVAKIA                                 '),(11,'GERMANY                                           ','GERMANY                                           '),(12,'U.S.A                                    ','ESTADOS UNIDOS                           '),(13,'INDONECIA                                         ','INDU                                              '),(14,'TAIWAN                                   ','TAIWAN                                   '),(15,'BELGICA                                  ','BELGICO                                  ');

/*Data for the table `sucursal` */

insert  into `sucursal`(`suc_codigo`,`suc_nombre`,`suc_direccion`,`suc_telefono`,`caj_ultinro`) values (1,'CASA CENTRAL','DEFENSORES DEL CHACO          ','123 456                       ',71);

/*Data for the table `tipo_cheque` */

insert  into `tipo_cheque`(`tp_cheq`,`tp_cheqnombre`) values (1,'NORMAL                                            '),(2,'CRUZADO                                    '),(3,'A LARGO PLAZO                              '),(4,'DIFERIDO                                   '),(5,'AL PORTADOR                                ');

/*Data for the table `tipo_documento` */

insert  into `tipo_documento`(`tdoc_codigo`,`tdoc_nombre`) values (1,'SIN COMPROBANTE                                   '),(2,'TICKET                                            '),(3,'TICKET FACTURA                           '),(4,'BOLETA DE VENTA                                   '),(5,'FACTURA                                  ');

/*Data for the table `tipo_grupo` */

insert  into `tipo_grupo`(`tg_codigo`,`gru_codigo`,`tg_nombre`) values (1,3,'VENTILADOR DE PIE                        '),(2,3,'VENTILADORES DE TECHO                    '),(3,3,'LICUADORA                                '),(4,1,'RULEMANES                                '),(5,1,'FIBRA DE FRENO                           '),(6,2,'CADENAS                                  '),(7,1,'FOCO                                              '),(8,4,'EXTENSOR                                 '),(9,4,'ESPEJO RETROVISOR                                 '),(10,1,'BUJIAS                                   '),(11,1,'SEÑALERO                                          '),(12,1,'CRISTAL SOLO                             '),(13,1,'BOBINA ALTA                              '),(14,1,'PIÑON                                    '),(15,1,'PEDAL DE FRENO                           '),(16,1,'CORONA                                   '),(17,1,'TAPA MAZA                                '),(18,2,'CONO                                     '),(19,1,'EJE                                      '),(20,2,'DESCARRILADOR                            '),(21,2,'RUEDITA DE DESCARRILADOR                 '),(22,1,'PERNO BUJE CORONA                        '),(23,1,'PASTILLA DE FRENO                        '),(24,1,'FARO DELANTERO                           '),(25,1,'FARO TRASERO                             '),(26,2,'DISCO PROTECTOR DE RAYOS                          '),(27,2,'MANOPLA                                  '),(28,5,'ACEITE MOTOR                                      '),(29,1,'BUJE                                     '),(30,1,'TABLERO VELOCIMETRO                      '),(31,1,'SELENIO                                  '),(32,4,'SEÑALERO                                 '),(33,4,'CARCAZA                                  '),(34,1,'RELAY DE ARRANQUE                        '),(35,4,'GOMA POSAPIE                             '),(36,4,'GUARDA POLVO                             '),(37,1,'RELAY SEÑALERO                           '),(38,4,'CAMPANILLA GRANDE                        '),(39,1,'SILENCIADOR                              '),(40,4,'LLAVE PIPA                               '),(41,1,'ESTIRA CADENA                            '),(42,1,'PORTA FOCO                               '),(43,1,'GUARDACADENA                             '),(44,4,'GOMA GUERDACADENA                        '),(45,1,'PISTON                                   '),(46,1,'ARO                                      '),(47,1,'LLAVE MANUBRIO                           '),(48,1,'FIBRA DE EMBRAGUE                        '),(49,4,'BOCINA                                   '),(50,1,'MANIVELA                                 '),(51,4,'CERA                                     '),(52,1,'CARBURADOR                               '),(53,1,'PORTA CABLES                             '),(54,4,'GOMA PARA MATA PERRO                     '),(55,4,'GOMA P/ TANQUE                           '),(56,4,'CINTILLO                                 '),(57,4,'GOMA TAPON                               '),(58,4,'LINTERNA DELANTERA                       '),(59,1,'JUNTA                                    '),(60,1,'PALANCA                                  '),(61,1,'VALVULA                                  '),(62,1,'FILTRO                                   '),(63,1,'PISTON C/ ARO                            '),(64,1,'LLAVE CONTACTO                           '),(65,4,'TUERCA                                   '),(66,4,'BULON                                    '),(67,4,'TORNILLO                                 '),(68,2,'PIÑON                                    '),(69,6,'SOLUCION                                 '),(70,6,'PARCHES                                  '),(71,4,'REFLECTORES                                       '),(72,6,'PEGAMENTO                                '),(73,6,'SILICONA PARA JUNTAS DE MOTOR                     '),(74,4,'MANGUERA CRISTAL                         '),(75,4,'COLA DE PATO                             '),(76,1,'PATADA DE ARRANQUE                       '),(77,1,'MANILLAR                                 '),(78,1,'GRIFO                                    '),(79,2,'PATIN DE FRENO                           '),(80,1,'RETEN                                    '),(81,2,'CUBIERTA                                 '),(82,4,'FARO                                     '),(83,4,'CANASTA                                  '),(84,4,'FARO DELANTERO                                    '),(85,4,'CRISTAL                                  '),(86,1,'TANQUE                                   '),(87,4,'GUARDABARRO                              '),(88,1,'INTERRUPTOR                              '),(89,1,'JUEGO DE BIELA                           '),(90,1,'GENERADOR                                '),(91,2,'RUEDA PLASTICA                           '),(92,4,'CAJA PORTABULTO                          '),(93,4,'CAJA P/ HERRAMIENTAS                              '),(94,1,'CADENA                                   '),(95,2,'MANIVELA                                 '),(96,4,'MANDIL                                   '),(97,2,'RUEDA LATERAL                            '),(98,4,'INFLADOR                                 '),(99,2,'CORONA                                   '),(100,4,'TAPA                                     '),(101,1,'TAPON                                    '),(102,4,'GUIA DE CABLE                            '),(103,4,'COLLAR                                   '),(104,1,'JUEGO DE ARO                             '),(105,4,'CASCO                                    '),(106,7,'LLAVE                                    '),(107,7,'PINZA CORTE                              '),(108,7,'PINZA P/ SEGURO                          '),(109,4,'FICHA P/ ANTENA                                   '),(110,4,'ANTENA P/ TV                                      '),(111,4,'GOMA ELASTICA                            '),(112,1,'GOMA MAZA                                '),(113,4,'MARCADOR TANQUE                          '),(114,4,'PORTA FOCO                               '),(115,4,'PUNTERA                                  '),(116,4,'VISOR                                    '),(117,4,'FARO TRASERO                             '),(118,4,'TAPA LATERAL                             '),(119,1,'POSAPIE                                  '),(120,1,'ANILLO RETEN                             '),(121,2,'LLANTA                                   '),(122,4,'MANGUERA P/ INFLADOR                              '),(123,2,'MAZA                                     '),(124,4,'FORRO P/ CABO                            '),(125,2,'BULON                                    '),(126,1,'PEDAL DE CAMBIO                          '),(127,2,'TUERCA                                   '),(128,1,'BATERIA                                  '),(129,4,'FUSIBLE CRISTAL                          '),(130,1,'CUBIERTAS                                         '),(131,2,'PEDAL                                    '),(132,2,'CAÑO DE ASIENTO                          '),(133,2,'GUARDABARRO                              '),(134,2,'EJE DELANTERO                            '),(135,1,'PROTECTOR DE SUCIEDAD                    '),(136,4,'CINTA SUJETA BATERIA                     '),(137,1,'ENGRANAJE VELOCIMETRO                    '),(138,8,'EJE DE ARRANQUE                          '),(139,1,'SOPORTE                                  '),(140,1,'ESPEJO                                   '),(141,1,'VELOCIMETRO COMPLETO                     '),(142,1,'CABO DE CAMBIO                                    '),(143,2,'MANIVELA DE CAMBIO                       '),(144,1,'ENGRANAJE                                '),(145,1,'CABO VELOCIMETRO                         '),(146,1,'MANIVELA DE FRENO                        '),(147,1,'CUBRE CADENA                             '),(148,1,'COVERTOR                                 '),(149,1,'TUBO SILENCIADOR                         '),(150,1,'VALVULA ESCAPE                           '),(151,1,'GUIA VALVULA                             '),(152,1,'ANILLO SEGURO                            '),(153,1,'TAPA TANQUE                              '),(154,1,'CABO EMBRAGUE                            '),(155,1,'TENSOR CADENA                            '),(156,4,'GUANTES                                  '),(157,4,'FARO DELANTERO A PILA                    '),(158,2,'SOPORTE LATERAL                          '),(159,2,'JUEGO CUBETA CENTRAL                     '),(160,2,'EJE TRASERO                              '),(161,2,'CABO                                     '),(162,1,'TAPA GENERADOR                                    '),(164,1,'TAPA MOTOR                               '),(165,1,'EJE ARRANQUE                             '),(166,9,'CAMARA MOTO                              '),(167,1,'PRENSACABO                               '),(168,2,'EJE CENTRAL ZETA                         '),(169,1,'FILTRO DE COMBUSTIBLE                    '),(170,4,'RED P/ CASCO                             '),(171,1,'TUBO DE ACELERADOR                       '),(172,11,'ARO 12                                   '),(173,11,'ARO 16                                   '),(174,11,'ARO 20                                   '),(175,1,'JUEGO DE JUNTAS                          '),(176,1,'BUJE ESPACIADOR                                   '),(177,1,'PROTECTOR CADENA                         '),(178,1,'ACOPLE                                   '),(179,2,'MANUBRIO                                 '),(180,1,'MEDIDOR DE ACEITE                        '),(181,1,'JUNTA ESCAPE                             '),(182,4,'BOLSO                                    '),(183,1,'CABO DE ACELERADOR                       '),(184,4,'GUARDACADENA                             '),(185,1,'DISCO EMBRAGUE                           '),(186,1,'BARRA TENSOR CADENA                      '),(187,4,'PROTECTOR                                         '),(188,1,'STATOR                                   '),(189,1,'CORONITA LEVA                            '),(190,1,'MEDIA LUNA                               '),(191,1,'CABO SOLO                                '),(192,10,'CUBIERTA MOTO                                     '),(193,8,'AMORTIGUADOR                             '),(194,4,'GUIA CADENA                              '),(195,4,'TAPA SUPERIOR                            '),(196,8,'CABALLETE                                '),(197,1,'CILINDRO                                 '),(198,1,'TAPA COSTADO                             '),(199,1,'TAPA CILINDRO                            '),(200,4,'COBERTOR                                 '),(201,1,'BARRA POSAPIE                            '),(202,4,'SOSTEN LATERAL                           '),(203,2,'AMORTIGUADOR                             '),(204,2,'ASIENTO                                  '),(205,2,'HORQUILLA                                '),(206,2,'JUEGO DE MAZA                                     '),(207,4,'ACRILICO FARO TRASERO                    '),(208,4,'POSAPIE TRASERO                          '),(209,7,'LLAVE \" L\"                               '),(210,1,'CDI                                      '),(211,1,'AMORTIGUADOR TRASERO                     '),(212,1,'AMORTIGUADOR DELANTERO                   '),(213,4,'FOCO DELANTERO                           '),(214,1,'JUEGO BULON CORONA                       '),(215,1,'JUNTA TAPA CILINDRO                      '),(216,4,'SOSTEN CENTRAL                           '),(217,1,'BULBO DE FRENO                           '),(218,4,'GOMA MAZA                                         '),(219,1,'GUIA ACELERADOR                          '),(220,4,'FOCO SEÑALERO                            '),(221,4,'CASCO INFANTIL                           '),(222,1,'CABO DE FRENO                            '),(223,1,'RAYO                                     '),(224,4,'LUZ DECORATIVA                                    '),(225,4,'PORTAFUSIBLE                             '),(226,4,'BUSCAHUELLA                              '),(227,4,'PORTA CHAPA                              '),(228,4,'CALCOMANIA                               '),(229,1,'VALVULA ADMISION                         '),(230,1,'RELAY SEÑALERO Y BULBO DE FRENO          '),(231,1,'TAPON DE ACEITE                          '),(232,1,'PERNO PISTON                             '),(233,1,'PEDAL DE ARRANQUE                        '),(234,10,'CUBIERTA BICICLETA                       '),(235,4,'MANUBRIO                                 '),(236,1,'CADENITA                                 '),(237,4,'MANOPLA                                  '),(238,1,'CABO RPM                                 '),(239,4,'ARANDELA DE GOMA                         '),(240,1,'SEGURO PIÑON                             '),(241,1,'JUEGO DE DIRECCION                                '),(242,4,'LUZ                                               '),(243,1,'MECANISMO DE FRENO                       '),(244,1,'HORQUILLA                                '),(245,2,'RUEDITA LATERAL                          '),(246,1,'UNION DE CADENA                          '),(247,1,'PORTA CORONA                             '),(248,1,'MAZA TRASERA                             '),(249,1,'MAZA DELANTERA                           '),(250,1,'REGULADOR                                '),(251,1,'FLOTADOR                                 '),(252,1,'CUBETA                                   '),(253,4,'PERILLA                                  '),(254,1,'BOBINA ARRANQUE                          '),(255,4,'CANDADO                                  '),(256,1,'BOBINA LUZ                               '),(257,9,'CAMARA BICICLETA                         '),(258,4,'FORRO DE ASIENTO                         '),(259,1,'RAYOS                                    '),(260,4,'PROTECTOR DE MANUBRIO                    '),(261,2,'CABO DE CAMBIO                                    '),(262,2,'JUEGO DE DIRECCION                       '),(263,3,'VENTILADOR DE MESA                       '),(264,6,'ADHESIVO INSTANTANEO                     '),(265,12,'ANDADOR                                  '),(266,1,'BRASITO DE FRENO                         '),(267,1,'TUBO DE AIRE                             '),(268,2,'MANIJA DE FRENO                          '),(269,3,'PLANCHA                                  '),(270,4,'CUERNITOS                                '),(271,11,'BICICLETA                                '),(272,1,'MANGUERA DE FLUIDO                       '),(273,1,'JUEGO DE REPARO CARBURADOR               '),(274,1,'EJE DE CABALLETE                         '),(275,1,'CAÑITO DE COMBUSTIBLE                    '),(276,4,'PORTAPLACA                               '),(277,4,'PROTECTOR DE MANOPLA                     '),(278,4,'SOPORTE ABRAZADERA                       '),(279,4,'MOCHILA                                  '),(280,1,'TENSOR CADENITA                          '),(281,1,'BOMBA                                    '),(282,2,'ROTOR                                    '),(283,1,'PRUEBA                                   '),(284,2,'CANDADO P/ BICICLETA                     '),(285,4,'CANDADO P/ MOTO                          '),(286,4,'OJO D/ GATO                              '),(287,2,'STEY                                     '),(288,2,'CAMARA                                   '),(289,1,'KIT CORONA                               '),(290,2,'FORRO P/ CAMBIO                          '),(291,2,'REMOVEDOR D/ PIÑON                       '),(292,2,'ESTIRA RAYO                              '),(293,4,'PORTABULTO                               '),(294,2,'JUEGO DE FRENO                                    '),(295,2,'RAYO                                     '),(296,1,'FICHA                                    '),(297,1,'ASIENTO                                  '),(298,1,'TUERCA                                   '),(299,4,'TERMITO                                           '),(300,2,'CANASTA                                  '),(301,1,'KIT DE PISTON C/ARO SEG/ PER/            '),(303,1,'BRAZO BIELA                              '),(304,1,'SOSTEN LATERAL                           '),(305,2,'EXTRACTOR                                '),(306,2,'BLOQUEO DE ASIENTO                       '),(307,1,'CABALLETE                                         '),(308,11,'ARO 24                                   '),(309,2,'BALBULA COMPLETA PICO GRUESO             '),(310,4,'REPARO TENSOR CADENA                     '),(311,2,'BRAZO                                    '),(312,2,'VALINES                                  '),(313,1,'MANUBRIO                                 '),(314,13,'BUJIA                                    '),(315,1,'CAJA EMBRAGUE                            '),(316,1,'CASQUILLO                                '),(317,1,'VARILLA DE VALVULA                       '),(318,4,'INTERRUPTOR                              '),(319,1,'LLANTA                                   '),(320,1,'TAPA PIÑON                               '),(321,4,'CAJA BATERIA                             '),(322,1,'PROTECTOR MOTOR                          '),(323,1,'TAPA SELECTOR                            '),(324,7,'LLAVE TUBO                               '),(325,7,'ESTIRA RAYO                              '),(326,1,'TUBO DE ADMISION                         '),(327,4,'CARETA DEL.                              ');

/*Data for the table `ubicacion` */

insert  into `ubicacion`(`ubica_codigo`,`ubica_nombre`) values (1,'<DESCONOCIDA>'),(2,'E4-C2                                             '),(6,'E4-C3                                             '),(7,'M1-C3                                             '),(8,'M1-C5                                             '),(9,'E1-B3                                             '),(10,'E1-C16-1                                          '),(11,'E1-C33-1                                          '),(12,'E1-C33-2                                          '),(13,'E1-C33-3                                          '),(14,'E4-C1                                             '),(15,'E4-C6                                             '),(16,'MOSTRADOR 1                                       '),(17,'E2-C29                                   '),(18,'E2-C8                                    '),(19,'E2-C9                                             '),(20,'E1-C14                                   '),(21,'E3-C15                                   '),(22,'E3-C7                                    '),(23,'E1-C22                                   '),(24,'E2-C7                                    '),(25,'E1-C8                                    '),(26,'E1-C19                                   '),(27,'E4-C18                                   '),(28,'E3-C14                                   '),(29,'E3-C6                                    '),(30,'E3-C13                                   '),(31,'E3-C22                                   '),(32,'E3-C30                                   '),(33,'E3-C16                                   '),(34,'E4-C29                                   '),(35,'E3-C20                                   '),(36,'M1-B                                     '),(37,'M 1                                      '),(38,'E4-C7                                    '),(39,'E1-C15                                   '),(40,'E4-C8                                    '),(41,'E2-C18                                   '),(42,'E1-C31                                   '),(43,'E2-C15                                   '),(44,'E1-C17                                   '),(45,'E1-C18                                   '),(46,'E2-C16                                   '),(47,'E1-C25                                   '),(48,'E1-C35                                   '),(49,'E1-C6                                    '),(50,'E4-C15                                   '),(51,'E1-C26                                   '),(52,'E1-C10                                   '),(53,'E2-C21                                   '),(54,'E4-C14                                   '),(55,'E1-C12                                   '),(56,'E4-C22                                   '),(57,'E1-C24                                   '),(58,'E3-C21                                   '),(59,'E4-C21                                   '),(60,'E3-16                                    '),(61,'E4-C20                                   '),(62,'E4-C13                                   '),(63,'D2-E2-C2                                 '),(64,'E3-C10                                   '),(65,'E1-C16                                   '),(66,'E3-C12                                   '),(67,'E3-C31                                   '),(68,'E2-C10                                   '),(69,'E4-C4                                    '),(70,'E4-C17                                   '),(71,'MOSTRADOR 2                              '),(72,'E3-C8                                    '),(73,'E4-C24                                   '),(74,'E1-C4                                    '),(75,'E1-C20                                   '),(76,'E4-C5                                    '),(77,'E2-C17                                   '),(78,'E3-C23                                   '),(79,'E3-C32                                   '),(80,'E2-C22                                   '),(81,'E2-C20                                   '),(82,'E2-C19                                   '),(83,'E4-C19                                   '),(84,'DEPOSITO3                                '),(85,'E1-C30                                   '),(86,'E2-C26                                   '),(87,'E3-C35                                   '),(88,'DEPOSITO1 ACCESORY                       '),(89,'E4-C9                                    '),(90,'E1-C21                                   '),(91,'E4-C16                                   ');

/*!40101 SET SQL_MODE=@OLD_SQL_MODE */;
/*!40014 SET FOREIGN_KEY_CHECKS=@OLD_FOREIGN_KEY_CHECKS */;
